Jennifer1,Walters,Jennifer,1993-11-17,Jennifer.Walters@hotmail.com,8196808358,"76689 Jalen Prairie, Suite 513, K1W 1H0, Steviefort, Québec, Canada"
Jade1,Cooper,Jade,1965-05-20,Jade.Cooper@outlook.ca,8199073872,"45902 Joel Plains, Apt. 338, C6Z 9W6, South Ross, Québec, Canada"
David1,Balkind,David,1976-11-16,David.Balkind@gmail.com,4388742242,"5303 Brown Lodge, Suite 007, M1K 9V8, Vivianehaven, Québec, Canada"
Miranda1,Ryan,Miranda,1981-04-19,Miranda.Ryan@hotmail.com,5145203958,"850 Grady Roads, Apt. 976, T6F 5S9, East Vaughntown, Québec, Canada"
Elise1,Harper,Elise,1997-08-02,Elise.Harper@outlook.ca,8192117944,"4297 Homenick Pines, Apt. 576, M0B 0S9, Ursulahaven, Québec, Canada"
Rebekah1,Housley,Rebekah,1984-05-18,Rebekah.Housley@outlook.ca,4183905596,"4803 Alejandra Vista, Apt. 508, E9U 7E8, Harberside, Québec, Canada"
Cody1,Lowe,Cody,1972-07-16,Cody.Lowe@hotmail.com,4186948957,"8007 Fernando Street, Suite 127, T5R 2Z1, Jaymouth, Québec, Canada"
Chelsea1,Crane,Chelsea,1972-01-27,Chelsea.Crane@outlook.ca,5813131397,"056 Sporer Tunnel, Suite 743, M1T 2B2, Lake Vincenzaburgh, Québec, Canada"
Brent1,Johnson,Brent,1986-12-03,Brent.Johnson@hotmail.ca,5812041488,"38291 Collier Throughway, Apt. 569, X6C 6V8, Port Haylie, Québec, Canada"
Jacob1,Clark,Jacob,2000-04-29,Jacob.Clark@gmail.com,4384444883,"543 Schulist Neck, Suite 215, N1P 6V8, Langtown, Québec, Canada"
Zachery1,Costa,Zachery,1955-12-05,Zachery.Costa@hotmail.ca,5819731620,"98680 Joanie Fork, Suite 022, G1R 9A6, South Morris, Québec, Canada"
Mackenzie1,Savage,Mackenzie,1985-05-21,Mackenzie.Savage@gmail.com,8192908328,"5620 Kohler Way, Suite 668, C2U 8Y0, Annehaven, Québec, Canada"
Madison1,Luber,Madison,1956-01-20,Madison.Luber@hotmail.com,4385146848,"48570 Shannon Groves, Apt. 000, T8P 4Z7, West Kamren, Québec, Canada"
Coleton1,Hatcher,Coleton,1966-02-26,Coleton.Hatcher@outlook.ca,5147888620,"8667 White Creek, Apt. 786, K6O 2J3, Port Lilafort, Québec, Canada"
Brendan1,Hutchison,Brendan,1993-08-23,Brendan.Hutchison@gmail.com,8193803616,"545 Dock Mount, Apt. 645, A8U 3W1, Lake Chaz, Québec, Canada"
Garret1,Pletcher,Garret,1984-02-28,Garret.Pletcher@outlook.ca,4186658376,"51674 Schamberger Stravenue, Suite 264, Y3G 6Y3, Rueckerport, Québec, Canada"
Tyler1,Funkhouser,Tyler,1977-12-23,Tyler.Funkhouser@hotmail.com,4187591170,"2234 Hayden Park, Apt. 777, S0N 3Y1, Lake Aliyahtown, Québec, Canada"
Taylor1,Carroll,Taylor,1989-06-21,Taylor.Carroll@gmail.com,4185012931,"861 Newton Mountain, Suite 210, J0A 4B1, Vernland, Québec, Canada"
Jason1,Gray,Jason,1967-06-20,Jason.Gray@hotmail.com,8198966445,"7954 Schneider Skyway, Apt. 976, L1O 3K6, New Malachitown, Québec, Canada"
Dylan1,Levy,Dylan,1986-06-20,Dylan.Levy@gmail.com,5816812815,"43465 Don Brooks, Suite 858, E8B 5Z2, South Jazlyn, Québec, Canada"
Jarrod1,Mattson,Jarrod,1982-01-25,Jarrod.Mattson@hotmail.com,5816517762,"72323 Schaden Plains, Apt. 922, B0M 9D0, Reggieburgh, Québec, Canada"
Brittany1,Pagano,Brittany,1969-02-07,Brittany.Pagano@outlook.ca,5141517392,"993 Napoleon Avenue, Apt. 655, C1P 6F4, Lueilwitzville, Québec, Canada"
Steven1,Hummel,Steven,1990-11-28,Steven.Hummel@hotmail.com,5146735138,"11941 Tamia Islands, Suite 995, V8W 1Y1, Gutkowskiton, Québec, Canada"
Samuel1,Schmidt,Samuel,1961-03-31,Samuel.Schmidt@hotmail.com,8198207556,"509 Wisozk Mountain, Apt. 500, K9J 6M4, Doylemouth, Québec, Canada"
John1,Thomas,John,1960-06-05,John.Thomas@gmail.com,4389649020,"64821 Hellen Cove, Apt. 550, L2H 1X3, Rainaland, Québec, Canada"
Mckenzie1,Mcroy,Mckenzie,1961-02-17,Mckenzie.Mcroy@gmail.com,5811235067,"93893 Michele Mountain, Suite 910, P0O 3M5, Danielborough, Québec, Canada"
Rokas1,Seifert,Rokas,1954-11-07,Rokas.Seifert@outlook.ca,4185801209,"337 Jaydon Stream, Suite 797, X7J 2F5, Enidhaven, Québec, Canada"
Ryan1,Hale,Ryan,1955-01-12,Ryan.Hale@outlook.ca,4181879527,"90464 Zack Stream, Suite 526, S8L 3L6, Bennieview, Québec, Canada"
Hannah1,Jones,Hannah,1961-06-14,Hannah.Jones@outlook.ca,5819487307,"78676 Yost Ford, Suite 444, A0H 2I5, O'Connellland, Québec, Canada"
Brittany1,Premer,Brittany,1994-04-14,Brittany.Premer@hotmail.ca,5143774336,"98691 Stroman Walk, Suite 119, P9F 5B9, Leschmouth, Québec, Canada"
Jacqueline1,Divich,Jacqueline,1960-02-02,Jacqueline.Divich@outlook.ca,5141521547,"059 Turner Spurs, Suite 425, S2K 5M2, West Jonathonside, Québec, Canada"
Chelsea1,Lavolpe,Chelsea,1992-03-25,Chelsea.Lavolpe@outlook.ca,4381968782,"870 Orn Throughway, Suite 697, S4R 3Y4, Port Karli, Québec, Canada"
Holly1,Tullberg,Holly,1976-04-09,Holly.Tullberg@hotmail.com,4184355802,"4219 Amya Lodge, Suite 221, H2X 6L9, Dietrichfurt, Québec, Canada"
Stephanie1,Johnson,Stephanie,1974-08-13,Stephanie.Johnson@hotmail.ca,5818491764,"62366 Gideon Green, Apt. 950, G5J 8Y4, Ratkeville, Québec, Canada"
Kaitlin1,Henry,Kaitlin,1970-09-29,Kaitlin.Henry@hotmail.com,5811285706,"711 Christiansen Row, Apt. 900, G0W 0X7, North Monicatown, Québec, Canada"
Justine1,Moritz,Justine,1957-10-29,Justine.Moritz@gmail.com,4189653274,"9585 Emerald Curve, Apt. 809, X5K 3N6, Gislasonmouth, Québec, Canada"
Daniel1,Sweet,Daniel,1966-09-15,Daniel.Sweet@outlook.ca,4181886083,"039 Owen Bypass, Suite 358, H6X 9B8, North Serenity, Québec, Canada"
Alexandria1,Hankins,Alexandria,1963-07-07,Alexandria.Hankins@hotmail.com,4185292059,"791 Feest Terrace, Suite 674, Y0M 7N7, Lilashire, Québec, Canada"
Ethan1,Martinez,Ethan,1989-09-13,Ethan.Martinez@hotmail.com,8192377654,"740 Marlen Landing, Apt. 957, G4W 1P0, East Harrison, Québec, Canada"
Kaylee1,Lacey,Kaylee,1998-06-30,Kaylee.Lacey@gmail.com,8192183196,"113 Brad Street, Apt. 932, A9S 3J5, Hirthefurt, Québec, Canada"
Matthew1,Evans,Matthew,1976-12-06,Matthew.Evans@outlook.ca,5144467489,"9890 Lew Ranch, Apt. 227, T3Z 5H5, Philipmouth, Québec, Canada"
Shyanne1,Whiting,Shyanne,1978-04-05,Shyanne.Whiting@hotmail.ca,8194866056,"7041 Walker Branch, Apt. 706, V9U 4E4, Lake Jess, Québec, Canada"
Kyle1,Watson,Kyle,1957-09-19,Kyle.Watson@outlook.ca,5143158838,"52882 Theodora Extension, Suite 917, A6R 6P1, New Dylanside, Québec, Canada"
Mark1,Strein,Mark,1957-07-31,Mark.Strein@hotmail.ca,5811407768,"81890 Thiel Crossroad, Apt. 104, E8P 0A6, Brisaside, Québec, Canada"
Erik1,Johnson,Erik,1979-12-03,Erik.Johnson@hotmail.com,5141241039,"417 Rocio Cliffs, Apt. 700, B9D 9H6, New Malcolm, Québec, Canada"
Kyle1,Magri,Kyle,1971-12-25,Kyle.Magri@outlook.ca,5149735342,"76369 Marcelina Ranch, Apt. 030, X5N 9T0, West Geovanni, Québec, Canada"
Sarah1,Bronson,Sarah,1967-09-22,Sarah.Bronson@outlook.ca,8195865020,"340 Wolff Trail, Suite 041, S8W 5T4, South Milan, Québec, Canada"
Jessica1,Howell,Jessica,1970-05-15,Jessica.Howell@hotmail.ca,5146756441,"4401 Heidenreich Locks, Suite 780, T2S 5W3, Kiehnton, Québec, Canada"
Amanda1,Linnebur,Amanda,1985-07-07,Amanda.Linnebur@gmail.com,8198726585,"545 Lucienne Row, Apt. 052, Y1W 2G0, Whitehaven, Québec, Canada"
Devon1,Wright,Devon,1992-01-02,Devon.Wright@gmail.com,5812555418,"1585 Tony Union, Suite 551, H3Z 1B4, West Georgiannaberg, Québec, Canada"
Justin1,Eisterer,Justin,1975-12-19,Justin.Eisterer@gmail.com,5148006038,"93815 Rod Village, Suite 789, K8V 7N9, Davonport, Québec, Canada"
John1,Wood,John,1979-08-09,John.Wood@gmail.com,4186025231,"27210 Ethan Harbor, Suite 724, M5M 1W0, West Rebabury, Québec, Canada"
Quinn1,Schultz,Quinn,1953-11-12,Quinn.Schultz@gmail.com,8194227853,"864 Glover Port, Suite 654, H0N 7C3, East Anabel, Québec, Canada"
Andrew1,Schneider,Andrew,1971-10-08,Andrew.Schneider@gmail.com,8191837145,"571 Little Centers, Suite 500, H6E 3D7, East Jensenton, Québec, Canada"
Austin1,Nevarez,Austin,1976-12-21,Austin.Nevarez@gmail.com,4184607437,"051 Torphy Row, Suite 549, M3M 5P5, Baumbachside, Québec, Canada"
Carsyn1,Breeden,Carsyn,1997-05-20,Carsyn.Breeden@gmail.com,4385663941,"1496 Purdy Avenue, Apt. 321, P0C 7E9, South Kenny, Québec, Canada"
Eleni1,Shaw,Eleni,1979-11-19,Eleni.Shaw@gmail.com,4187495178,"485 Gardner Meadows, Apt. 219, G5Q 9B6, South Sonyaberg, Québec, Canada"
Jessica1,Spencer,Jessica,1973-11-24,Jessica.Spencer@hotmail.com,4383463310,"347 Arely Brooks, Apt. 400, J7E 4H9, Scarlettview, Québec, Canada"
Sai1,Langeberg,Sai,1993-07-06,Sai.Langeberg@gmail.com,5818878255,"86430 Sylvan Shore, Apt. 015, T2K 3H1, Leoberg, Québec, Canada"
Kelsi1,Sloan,Kelsi,1993-06-13,Kelsi.Sloan@hotmail.ca,4188212255,"311 Petra Island, Suite 197, R5B 5Q6, Leonorashire, Québec, Canada"
Dirk1,Davis,Dirk,1990-04-27,Dirk.Davis@outlook.ca,5146014062,"665 Keebler Streets, Suite 597, V3S 2V8, Port Kaylah, Québec, Canada"
Matthew1,Rabia,Matthew,1991-08-26,Matthew.Rabia@hotmail.com,4184692729,"24234 Gleichner Fall, Apt. 448, R0B 2P1, McClureshire, Québec, Canada"
Bret1,Luff,Bret,1960-12-03,Bret.Luff@hotmail.com,4185424522,"063 Hyatt Alley, Suite 708, B9F 7R0, West Christyhaven, Québec, Canada"
Maxwell1,Dodge,Maxwell,2000-07-24,Maxwell.Dodge@hotmail.ca,5144423393,"05058 Maiya Divide, Suite 462, R7W 5W0, Lake Iliana, Québec, Canada"
Jenna1,Pudil,Jenna,1959-01-04,Jenna.Pudil@outlook.ca,8197216955,"03832 Alison Square, Apt. 541, X1R 7Z3, East Cecileville, Québec, Canada"
Dylan1,Botterbusch,Dylan,1995-07-24,Dylan.Botterbusch@outlook.ca,5819508096,"4278 Clyde Mount, Suite 620, J1U 0S8, New Nolafort, Québec, Canada"
Asia1,Simpson,Asia,1961-01-23,Asia.Simpson@outlook.ca,5814523894,"696 Gussie Hills, Apt. 108, M0C 4M4, West Metaburgh, Québec, Canada"
Lucy1,Mcphail,Lucy,1995-07-15,Lucy.Mcphail@hotmail.com,5815587777,"208 Schulist Groves, Suite 649, K7P 2C3, Furmanchester, Québec, Canada"
Bethany1,Woehrel,Bethany,1964-04-15,Bethany.Woehrel@gmail.com,5143871097,"5447 Cormier Cliffs, Suite 151, R3Q 7J1, Lake Katlynn, Québec, Canada"
Davon1,Barnett,Davon,1966-07-28,Davon.Barnett@hotmail.ca,4389833729,"023 Veum Hills, Apt. 384, R8L 0L1, Port Sandyside, Québec, Canada"
Jake1,Pakenham,Jake,1981-10-02,Jake.Pakenham@hotmail.com,5819015740,"7694 Gabrielle Throughway, Apt. 664, H3O 5H8, Lake Emelia, Québec, Canada"
Kimber1,Dixon,Kimber,1971-04-29,Kimber.Dixon@outlook.ca,5812539390,"3221 Bergnaum Coves, Suite 616, E6K 5A1, Elmerfort, Québec, Canada"
Ronald1,Farr,Ronald,2001-08-18,Ronald.Farr@gmail.com,5144497968,"8913 Lucas Key, Suite 937, G5V 2P0, New Willaberg, Québec, Canada"
Brandon1,Baldridge,Brandon,1982-11-15,Brandon.Baldridge@hotmail.com,8197528173,"30526 Ryan Highway, Apt. 648, J2C 3D4, South Glennieshire, Québec, Canada"
Aspen1,Cain,Aspen,1985-07-31,Aspen.Cain@hotmail.ca,4389504926,"380 Metz Trace, Suite 543, A7Q 8G3, Port Joelle, Québec, Canada"
Jacque1,Walczak,Jacque,1965-01-09,Jacque.Walczak@hotmail.ca,5811559490,"4731 Elsie Streets, Apt. 078, S4L 7V6, New Maemouth, Québec, Canada"
Mackenzie1,Newcomer,Mackenzie,1956-12-24,Mackenzie.Newcomer@gmail.com,8196166365,"34575 Bartoletti Viaduct, Apt. 187, R2T 8V0, Lennaland, Québec, Canada"
Wyatt1,Sopher,Wyatt,1969-10-01,Wyatt.Sopher@hotmail.com,8192271954,"480 Adams Branch, Suite 204, T1D 1Z8, Bartolettiborough, Québec, Canada"
Meagan1,Bezjak,Meagan,1956-09-28,Meagan.Bezjak@hotmail.com,4189149259,"1091 Mellie Course, Suite 178, J3D 6D1, Satterfieldport, Québec, Canada"
Dane1,Espinoza,Dane,1998-09-25,Dane.Espinoza@hotmail.com,4388357457,"84474 Jackie Fork, Apt. 410, H7T 6U1, New Nyasiachester, Québec, Canada"
Isaac1,Robinson,Isaac,1977-05-23,Isaac.Robinson@hotmail.com,5145505313,"4152 Rempel Parkways, Apt. 197, C7D 6H4, South Medashire, Québec, Canada"
Shianne1,Calascione,Shianne,1988-09-09,Shianne.Calascione@hotmail.ca,5144267663,"1358 Gleichner Hollow, Apt. 666, S2E 9O8, Lake Richardmouth, Québec, Canada"
Trey1,Mcanally,Trey,2001-05-13,Trey.Mcanally@gmail.com,8197633344,"5396 Darwin Courts, Suite 725, A8K 0H2, Mannport, Québec, Canada"
Connor1,Thielmann,Connor,1997-01-03,Connor.Thielmann@hotmail.com,4382325088,"413 Nova Unions, Suite 607, B5E 0L4, Lake Ethel, Québec, Canada"
Charles1,Story,Charles,1992-12-28,Charles.Story@hotmail.com,8196629321,"43604 Gerhold Lodge, Suite 723, K4Q 6X9, Lessieborough, Québec, Canada"
Crystal1,Summerton,Crystal,1973-07-20,Crystal.Summerton@gmail.com,4187165738,"18824 Andre Ville, Apt. 781, X6H 7O0, Hyattfurt, Québec, Canada"
Ashley1,Dunker,Ashley,1960-11-06,Ashley.Dunker@outlook.ca,5813812014,"835 Delbert Harbor, Apt. 201, N5D 7F1, Christiansenfurt, Québec, Canada"
Jacob1,Watson,Jacob,1980-04-26,Jacob.Watson@hotmail.ca,5815883877,"2859 Cleveland Falls, Apt. 715, A3I 8F2, North Stefaniemouth, Québec, Canada"
Caitlin1,Fautheree,Caitlin,1990-07-28,Caitlin.Fautheree@outlook.ca,5144065074,"8833 Buckridge Square, Apt. 865, S8O 1I0, Earlinemouth, Québec, Canada"
Darcy1,Challis,Darcy,1956-03-13,Darcy.Challis@outlook.ca,5141306975,"59397 Emard Stream, Apt. 587, K9X 5R4, Durwardmouth, Québec, Canada"
Haley1,Cole,Haley,1993-06-17,Haley.Cole@hotmail.ca,5141108523,"746 Gunner Vista, Apt. 268, C5X 6Q7, Botsfordberg, Québec, Canada"
Nicholas1,Fink,Nicholas,1992-01-12,Nicholas.Fink@hotmail.ca,5814444688,"812 Dylan Rapids, Apt. 623, N5L 2D4, North Lurlineberg, Québec, Canada"
Adric1,Fessenden,Adric,1980-10-21,Adric.Fessenden@hotmail.com,4389599781,"1957 Skiles Branch, Apt. 160, B8J 4M8, Adeliachester, Québec, Canada"
Andrea1,Hammer,Andrea,1997-07-07,Andrea.Hammer@hotmail.ca,5145846944,"754 Mac Shores, Apt. 940, M2J 5V6, South Mina, Québec, Canada"
Timothy1,Sutton,Timothy,1957-02-09,Timothy.Sutton@hotmail.ca,5149655063,"4003 Shields Stravenue, Apt. 789, S4M 7N3, Weimannmouth, Québec, Canada"
Isaac1,Miller,Isaac,1956-04-07,Isaac.Miller@hotmail.com,5141888264,"18203 Toy Junctions, Apt. 431, P5K 8B5, Donnellport, Québec, Canada"
Damien1,Fay,Damien,1992-10-02,Damien.Fay@hotmail.com,4185021994,"64896 Amparo Forge, Apt. 022, N5T 8W0, New Edisonbury, Québec, Canada"
Nathanial1,Krekeler,Nathanial,1960-03-14,Nathanial.Krekeler@hotmail.ca,5819037169,"045 Tobin Drive, Suite 857, L4A 6W8, Romaville, Québec, Canada"
Rachael1,Harberson,Rachael,1991-01-11,Rachael.Harberson@outlook.ca,8197799803,"48473 Murray Squares, Apt. 301, H5P 8J8, Port Lennystad, Québec, Canada"
John1,Orme,John,1994-11-04,John.Orme@gmail.com,8191615280," 065 Romaguera Ridges, Apt. 044, B4K 1V1, South Jake, Québec, Canada"